Thumb_X,Thumb_Y,Index_X,Index_Y,Middle_X,Middle_Y,Ring_X,Ring_Y,Pinky_X,Pinky_Y,Chord
0.17431466281414032,0.7667428851127625,0.1471317559480667,0.8447412848472595,0.21739819645881653,0.7920697927474976,0.2431943267583847,0.7965649366378784,0.23847220838069916,0.9063659906387329,C
0.17980001866817474,0.8163872957229614,0.14372529089450836,0.8557243347167969,0.2185938060283661,0.7946617603302002,0.2466587871313095,0.8005333542823792,0.2340717762708664,0.903939425945282,C
0.18023249506950378,0.7148922681808472,0.22132165729999542,0.7651755809783936,0.2426099330186844,0.7544245719909668,0.23637470602989197,0.8229494690895081,0.24532555043697357,0.8561540246009827,G
0.804311215877533,0.0788712352514267,0.7665063738822937,0.016674058511853218,0.7418368458747864,0.006871621124446392,0.7238245606422424,0.03203895315527916,0.71836918592453,0.06018736958503723,D
0.19134943187236786,0.5857937335968018,0.14234207570552826,0.7377026081085205,0.22197169065475464,0.6653342247009277,0.25916457176208496,0.6651242971420288,0.2666555345058441,0.781037449836731,C
0.2013680785894394,0.6348347663879395,0.22222290933132172,0.6706702709197998,0.2517886459827423,0.6664260029792786,0.24396684765815735,0.767768144607544,0.260882705450058,0.7840023040771484,G
0.20771366357803345,0.6648740768432617,0.21717604994773865,0.6844224333763123,0.25023606419563293,0.6546933650970459,0.2476431131362915,0.7723519206047058,0.256520539522171,0.8964630961418152,G
0.159266859292984,0.6188997030258179,0.1768767386674881,0.7335261106491089,0.20519967377185822,0.7507914304733276,0.24752236902713776,0.7451897263526917,0.2660355865955353,0.8421986103057861,D
0.18417295813560486,0.5520495176315308,0.19842664897441864,0.6149984002113342,0.22695565223693848,0.6261425018310547,0.22831973433494568,0.686107337474823,0.2452688217163086,0.7080175876617432,G
0.15638403594493866,0.6300637722015381,0.12026312947273254,0.7814458012580872,0.20527775585651398,0.7035508751869202,0.24520882964134216,0.7048838138580322,0.2444307655096054,0.8157474398612976,C
0.15105539560317993,0.662082850933075,0.10022203624248505,0.8072081208229065,0.19459404051303864,0.7091963291168213,0.23792454600334167,0.714978814125061,0.22611252963542938,0.8527287244796753,C
0.15776756405830383,0.7046675086021423,0.10948031395673752,0.8336058855056763,0.1883203685283661,0.7528696656227112,0.23174460232257843,0.7472651600837708,0.21634551882743835,0.908344566822052,C
0.1624416708946228,0.717539370059967,0.10250098258256912,0.8284792900085449,0.1892298012971878,0.7513392567634583,0.2278326004743576,0.742977499961853,0.23045159876346588,0.8369893431663513,C
0.11554872989654541,0.6927500367164612,0.10889868438243866,0.8273081183433533,0.18898901343345642,0.7526174783706665,0.22818498313426971,0.7438147068023682,0.23270820081233978,0.8771189451217651,C
0.11751583218574524,0.6939473152160645,0.11760835349559784,0.8175570964813232,0.19461648166179657,0.738580584526062,0.2310536503791809,0.732870876789093,0.22934852540493011,0.8880643248558044,C
0.12579400837421417,0.723497211933136,0.10856597870588303,0.8224746584892273,0.1934318095445633,0.7386600971221924,0.231584370136261,0.7287572026252747,0.23009751737117767,0.8712523579597473,C
0.08828622102737427,0.7068949341773987,0.11171161383390427,0.8377507328987122,0.1900322288274765,0.7635279297828674,0.22557185590267181,0.7591025829315186,0.2212413251399994,0.9019759297370911,C
0.08390552550554276,0.696088433265686,0.1140628308057785,0.8404439687728882,0.18429294228553772,0.7730820178985596,0.23191991448402405,0.7534942030906677,0.2258497178554535,0.988709032535553,C
0.09204954653978348,0.6783286333084106,0.10525566339492798,0.8281064033508301,0.19718071818351746,0.7502038478851318,0.23199687898159027,0.7424619197845459,0.20995450019836426,0.9004746675491333,C
0.0900048166513443,0.6867812871932983,0.10618839412927628,0.8353154063224792,0.19122745096683502,0.7603856325149536,0.228791281580925,0.7518007755279541,0.21468965709209442,0.8983753323554993,C
0.08997221291065216,0.6932051777839661,0.11322656273841858,0.8245368003845215,0.1938236653804779,0.7586222290992737,0.23145699501037598,0.7408823370933533,0.21055929362773895,0.916126012802124,C
0.159316748380661,0.6406306624412537,0.18932503461837769,0.7207450866699219,0.22131769359111786,0.7148876786231995,0.22392790019512177,0.800213634967804,0.23456309735774994,0.8379312753677368,G
0.14613917469978333,0.6614152193069458,0.18520182371139526,0.7445397973060608,0.2146465927362442,0.7423214912414551,0.22089216113090515,0.8049192428588867,0.23767806589603424,0.85429847240448,G
0.1650928556919098,0.699882984161377,0.18535424768924713,0.7236164808273315,0.21623976528644562,0.7309024333953857,0.2184658646583557,0.8233997821807861,0.22939004004001617,0.8328962922096252,G
0.16374775767326355,0.8149828910827637,0.17579606175422668,0.7560023069381714,0.2136654257774353,0.7295793294906616,0.21005253493785858,0.8452498316764832,0.23064281046390533,0.8608043193817139,G
0.26561489701271057,0.7221971750259399,0.26475203037261963,0.7034227848052979,0.2846059501171112,0.7685213088989258,0.31206583976745605,0.739416778087616,0.33559784293174744,0.7536669373512268,G
0.26272496581077576,0.731139063835144,0.2691735327243805,0.699962317943573,0.2878764569759369,0.751746654510498,0.31543418765068054,0.7315346598625183,0.3361928462982178,0.7522000074386597,G
0.23477162420749664,0.7803202867507935,0.2450714111328125,0.7111485600471497,0.2742745876312256,0.7863643765449524,0.3097507059574127,0.7630138993263245,0.33048224449157715,0.7718480229377747,G
0.24015599489212036,0.7817096710205078,0.2438729703426361,0.7243874669075012,0.27892428636550903,0.7816723585128784,0.31101882457733154,0.7653166651725769,0.3280390501022339,0.7747592926025391,G
0.17490462958812714,0.6596519351005554,0.1936645209789276,0.6964168548583984,0.21840178966522217,0.6963143944740295,0.2146436870098114,0.7776088118553162,0.23048579692840576,0.8125223517417908,G
0.16866159439086914,0.6807374954223633,0.1825145035982132,0.7084468603134155,0.21617893874645233,0.7043416500091553,0.21940983831882477,0.7703279852867126,0.22603438794612885,0.829262375831604,G
0.19181567430496216,0.6664072275161743,0.18912039697170258,0.7186680436134338,0.2156517058610916,0.714142918586731,0.2167159765958786,0.784770131111145,0.23208755254745483,0.8235581517219543,G
0.181462362408638,0.6591590046882629,0.19098512828350067,0.7075964212417603,0.22335954010486603,0.7117136120796204,0.2183573693037033,0.7753685116767883,0.22549274563789368,0.8063779473304749,G
0.17134591937065125,0.6539596915245056,0.1949145495891571,0.7139227390289307,0.21772660315036774,0.7388176321983337,0.21527013182640076,0.8091379404067993,0.22126638889312744,0.897747278213501,G
0.18096409738063812,0.6613844633102417,0.19703777134418488,0.7049246430397034,0.22383557260036469,0.7040982842445374,0.20343680679798126,0.812295138835907,0.22823363542556763,0.8083539605140686,G
0.18768365681171417,0.6530553698539734,0.19599312543869019,0.691416323184967,0.2267172932624817,0.6979126930236816,0.22333258390426636,0.7709777355194092,0.23240351676940918,0.8118355870246887,G
0.18347492814064026,0.687934160232544,0.20025934278964996,0.7053374648094177,0.22056512534618378,0.7195439338684082,0.22254693508148193,0.7971957325935364,0.23770377039909363,0.8357601761817932,G
0.13873128592967987,0.7323576807975769,0.15958869457244873,0.7950136065483093,0.1712719053030014,0.8246086239814758,0.21694497764110565,0.8232713937759399,0.23845361173152924,0.858098566532135,D
0.1575821191072464,0.7457327246665955,0.16134831309318542,0.8398915529251099,0.17811435461044312,0.8574228286743164,0.2073024958372116,0.8726502060890198,0.23094189167022705,0.9226065874099731,D
0.13970640301704407,0.7634870409965515,0.1494433879852295,0.814739465713501,0.16548848152160645,0.8449096083641052,0.20244605839252472,0.8360253572463989,0.22543120384216309,0.8929011225700378,D
0.12130224704742432,0.7054672241210938,0.15468530356884003,0.8248796463012695,0.16756083071231842,0.8458863496780396,0.19950351119041443,0.8418570756912231,0.2074376344680786,0.9186471104621887,D
0.11373385041952133,0.7264052629470825,0.15264494717121124,0.8374508023262024,0.16521497070789337,0.866467297077179,0.20205526053905487,0.858856737613678,0.21594838798046112,0.9095320701599121,D
0.1190425455570221,0.7769262790679932,0.15407902002334595,0.8316036462783813,0.1695307493209839,0.8633610606193542,0.20999932289123535,0.8480958938598633,0.2389630675315857,0.8996089100837708,D
0.12765711545944214,0.7725517153739929,0.15500718355178833,0.8182485103607178,0.17360162734985352,0.845156192779541,0.20662856101989746,0.8371202945709229,0.23223011195659637,0.8908308744430542,D
0.129526287317276,0.7765421867370605,0.15554089844226837,0.8173951506614685,0.1742963343858719,0.8454936742782593,0.20852315425872803,0.8372732996940613,0.23152758181095123,0.8944388628005981,D
0.12820424139499664,0.7750670909881592,0.1576390415430069,0.8261740803718567,0.17530806362628937,0.8540570735931396,0.21026210486888885,0.8496524095535278,0.2291763424873352,0.9010284543037415,D
0.12620078027248383,0.7331174612045288,0.15699520707130432,0.8290951251983643,0.17108643054962158,0.8562915921211243,0.20965887606143951,0.8470158576965332,0.22705839574337006,0.9025431871414185,D
0.12561222910881042,0.7085352540016174,0.15627720952033997,0.8245026469230652,0.170209139585495,0.8474518060684204,0.20621007680892944,0.8567970395088196,0.22127699851989746,0.901134192943573,D
0.13324977457523346,0.6919805407524109,0.1537335216999054,0.8286227583885193,0.1680317223072052,0.8542909026145935,0.20641866326332092,0.8586567044258118,0.22106817364692688,0.9053405523300171,D
0.13307242095470428,0.706562340259552,0.15603981912136078,0.8251628875732422,0.16636021435260773,0.8571677207946777,0.20888790488243103,0.8556957244873047,0.22381091117858887,0.9082717895507812,D
0.13243335485458374,0.7534300684928894,0.1592019647359848,0.8166128993034363,0.16856980323791504,0.8500601649284363,0.21310049295425415,0.8502616882324219,0.22662805020809174,0.91097491979599,D
0.13529232144355774,0.7581356763839722,0.15919341146945953,0.8153660893440247,0.17497433722019196,0.8463835120201111,0.21298930048942566,0.8458492755889893,0.2323586642742157,0.8945180773735046,D
0.14574308693408966,0.7608440518379211,0.15749314427375793,0.8159552216529846,0.1727670133113861,0.8463129997253418,0.21195918321609497,0.8394332528114319,0.2346450835466385,0.8834590315818787,D
0.14300885796546936,0.760099470615387,0.15585525333881378,0.8120920658111572,0.17024575173854828,0.844684362411499,0.2112940400838852,0.8340564966201782,0.23232217133045197,0.8850048780441284,D
0.14194706082344055,0.7604812979698181,0.15577588975429535,0.8106377124786377,0.17036868631839752,0.8447285890579224,0.21165119111537933,0.8342418670654297,0.23301587998867035,0.8841791152954102,D
0.14293725788593292,0.7630776166915894,0.15814538300037384,0.8121578097343445,0.17447541654109955,0.8410398960113525,0.21268847584724426,0.8374972939491272,0.23326559364795685,0.8886678814888,D
0.12097997218370438,0.7369678616523743,0.15921051800251007,0.8180549144744873,0.17598246037960052,0.8451094627380371,0.21205578744411469,0.8427670001983643,0.230686217546463,0.8852841854095459,D
0.10482132434844971,0.706163763999939,0.1583997756242752,0.8273396492004395,0.1755063831806183,0.8557167053222656,0.21020522713661194,0.8503558039665222,0.22665025293827057,0.9007935523986816,D
0.10274436324834824,0.71047043800354,0.1539180725812912,0.8271929621696472,0.1709386110305786,0.8559838533401489,0.21084938943386078,0.8436387181282043,0.2283889204263687,0.9009600281715393,D
0.10648172348737717,0.7065575122833252,0.15409331023693085,0.8249109983444214,0.16997554898262024,0.8561673164367676,0.2099681794643402,0.8480413556098938,0.229275643825531,0.9098711013793945,D
0.10810018330812454,0.717523992061615,0.15620379149913788,0.817532479763031,0.17202968895435333,0.8423987030982971,0.21036064624786377,0.8506697416305542,0.22962701320648193,0.9048121571540833,D
0.10849322378635406,0.719213604927063,0.15382155776023865,0.8230467438697815,0.1715499460697174,0.8431743383407593,0.2108210027217865,0.8534754514694214,0.229218527674675,0.908179521560669,D
0.11102183163166046,0.7191317677497864,0.15675921738147736,0.8169550895690918,0.17329898476600647,0.839104175567627,0.2100496143102646,0.8510863184928894,0.22789685428142548,0.9091224670410156,D
0.11022719740867615,0.7143897414207458,0.15879811346530914,0.8143969178199768,0.17304444313049316,0.8409699201583862,0.21059611439704895,0.8524354100227356,0.22789083421230316,0.9050512909889221,D
0.10727529227733612,0.7210557460784912,0.15271712839603424,0.8194430470466614,0.16730551421642303,0.8503445386886597,0.21073824167251587,0.841177225112915,0.223148375749588,0.8895137906074524,D
0.10397795587778091,0.720867395401001,0.15408554673194885,0.8298571705818176,0.17266665399074554,0.8550823926925659,0.21159029006958008,0.8459769487380981,0.2249111384153366,0.8842129707336426,D
0.10451482981443405,0.7238636612892151,0.15077367424964905,0.8295527696609497,0.16913552582263947,0.8591587543487549,0.20830972492694855,0.8527456521987915,0.2123059332370758,0.925475001335144,D
0.10385635495185852,0.7239292860031128,0.15269172191619873,0.8301815986633301,0.1743156611919403,0.8540968894958496,0.211387038230896,0.8521074652671814,0.21762539446353912,0.921252965927124,D
0.10323783755302429,0.7275983691215515,0.1564350575208664,0.8259092569351196,0.1725379079580307,0.8537685871124268,0.21259744465351105,0.846010684967041,0.21735280752182007,0.9293320775032043,D
0.10196280479431152,0.7345016598701477,0.15267814695835114,0.8322189450263977,0.16959857940673828,0.8632282614707947,0.212942436337471,0.8566402196884155,0.22640787065029144,0.9223377704620361,D
0.1706499308347702,0.6982728838920593,0.17568230628967285,0.7749632000923157,0.21145294606685638,0.7772886753082275,0.21928754448890686,0.8351262807846069,0.22751951217651367,0.8937522768974304,G
0.18016265332698822,0.6792120337486267,0.1835344284772873,0.7528969049453735,0.21661704778671265,0.7606019973754883,0.22448667883872986,0.8215000629425049,0.231144517660141,0.8927527666091919,G
0.1703672856092453,0.6927033066749573,0.18275494873523712,0.7513799667358398,0.21931929886341095,0.7460430264472961,0.22149264812469482,0.8013068437576294,0.22847747802734375,0.8604304790496826,G
0.1656939536333084,0.7017152309417725,0.1820610910654068,0.7691384553909302,0.2157813012599945,0.7545859813690186,0.2159920483827591,0.8260939121246338,0.2249709516763687,0.8646812438964844,G
0.1699436902999878,0.7097066044807434,0.18096593022346497,0.7702524662017822,0.21710015833377838,0.758912205696106,0.21395136415958405,0.8310394287109375,0.2281147688627243,0.8682752847671509,G
0.16943512856960297,0.7180312275886536,0.17841631174087524,0.7714208960533142,0.2179184854030609,0.7529425621032715,0.213742196559906,0.832187831401825,0.22542037069797516,0.86917644739151,G
0.19338896870613098,0.6607267260551453,0.19441448152065277,0.6972295641899109,0.23343731462955475,0.6810482740402222,0.2213510274887085,0.7646706104278564,0.23602505028247833,0.7900988459587097,G
0.1978542059659958,0.6453637480735779,0.20730169117450714,0.6670491695404053,0.23340141773223877,0.6667546629905701,0.2252793163061142,0.746910035610199,0.24261446297168732,0.7868442535400391,G
0.19762223958969116,0.6486700773239136,0.21065855026245117,0.66520094871521,0.23265264928340912,0.674923300743103,0.22376808524131775,0.7493177652359009,0.24134184420108795,0.7911903858184814,G
0.19409605860710144,0.6466588973999023,0.20353756844997406,0.6816559433937073,0.23520323634147644,0.67577064037323,0.22164681553840637,0.7522110939025879,0.23427218198776245,0.7818965315818787,G
0.1966267228126526,0.6337099671363831,0.20298345386981964,0.6812370419502258,0.2338753044605255,0.6726815104484558,0.22640250623226166,0.7433798313140869,0.23717623949050903,0.7767127156257629,G
0.1995205134153366,0.6332821846008301,0.21289899945259094,0.6508175730705261,0.23978161811828613,0.6566253304481506,0.22649727761745453,0.7401605844497681,0.24407674372196198,0.7784627079963684,G
0.19192881882190704,0.6242966055870056,0.20140689611434937,0.6802269220352173,0.2324954718351364,0.6828517317771912,0.23406757414340973,0.7493163347244263,0.24194249510765076,0.7821078896522522,G
0.2017592042684555,0.6480197310447693,0.20781081914901733,0.6834291815757751,0.23386931419372559,0.6842216849327087,0.22841781377792358,0.7555378675460815,0.23445315659046173,0.7970175743103027,G
0.2006675750017166,0.6507540345191956,0.2068967968225479,0.6807513236999512,0.23183098435401917,0.684546947479248,0.2272784560918808,0.7534807920455933,0.2357240468263626,0.7924634218215942,G
0.19963550567626953,0.6484055519104004,0.2047031670808792,0.6818113923072815,0.23276180028915405,0.6824081540107727,0.22659003734588623,0.7611552476882935,0.23442791402339935,0.7976786494255066,G
0.19144871830940247,0.6608898043632507,0.20235741138458252,0.6925992965698242,0.22970843315124512,0.6951841115951538,0.2217058688402176,0.7735683917999268,0.2309332638978958,0.808022677898407,G
0.19675110280513763,0.6659115552902222,0.2025700807571411,0.7019594311714172,0.22774142026901245,0.7026668190956116,0.2227042019367218,0.7729827165603638,0.2326483130455017,0.813020646572113,G
0.2679106295108795,0.7507802248001099,0.2589939534664154,0.6574882864952087,0.2878340780735016,0.7148786783218384,0.3116333484649658,0.715999186038971,0.3304360806941986,0.7398142218589783,G
0.26495927572250366,0.7605918049812317,0.2564162313938141,0.6680653095245361,0.2832004427909851,0.7279403209686279,0.30773061513900757,0.7280680537223816,0.32858434319496155,0.7454301714897156,G
0.2614777982234955,0.7663570046424866,0.253827303647995,0.672890841960907,0.2792679965496063,0.7362281680107117,0.3062629699707031,0.7278345227241516,0.3274269998073578,0.7483382225036621,G
0.26229745149612427,0.7179577350616455,0.2621656358242035,0.6397528052330017,0.28124183416366577,0.7001441717147827,0.3164861798286438,0.6988776326179504,0.33202746510505676,0.7147470116615295,G
0.26278847455978394,0.7160890698432922,0.2612978219985962,0.6451526880264282,0.28095152974128723,0.7021524310112,0.31634607911109924,0.7034570574760437,0.3308371901512146,0.7220902442932129,G
0.2606719434261322,0.7221128940582275,0.2598109245300293,0.6482073068618774,0.2804492115974426,0.7067339420318604,0.31491535902023315,0.7055442333221436,0.3302001357078552,0.7214409112930298,G
0.26262232661247253,0.73639976978302,0.25996917486190796,0.6628358960151672,0.281928688287735,0.7104423642158508,0.3131028115749359,0.7130114436149597,0.32863208651542664,0.7312172055244446,G
0.17713911831378937,0.6727325916290283,0.19350969791412354,0.6993091106414795,0.21913348138332367,0.6962403655052185,0.21770113706588745,0.7812067270278931,0.23179028928279877,0.806829035282135,G
0.1683742254972458,0.7202743291854858,0.18281958997249603,0.7424194812774658,0.21485860645771027,0.7348538637161255,0.20690231025218964,0.8348486423492432,0.2187366783618927,0.8578888773918152,G
0.17761747539043427,0.737942636013031,0.18764925003051758,0.7436433434486389,0.2166796773672104,0.7464877963066101,0.20499856770038605,0.836033821105957,0.21866567432880402,0.8590729236602783,G
0.15584418177604675,0.8374752402305603,0.17846958339214325,0.7574329972267151,0.20271086692810059,0.7247368693351746,0.2088233083486557,0.8503700494766235,0.22366204857826233,0.8695171475410461,G
0.20508752763271332,0.6042692065238953,0.21922826766967773,0.6320945024490356,0.24887993931770325,0.6422351002693176,0.24378348886966705,0.712131917476654,0.2527605891227722,0.7583125233650208,G
0.2025102972984314,0.624421238899231,0.21643033623695374,0.6530488133430481,0.24688729643821716,0.6572046279907227,0.2366982400417328,0.7295557856559753,0.25132590532302856,0.7651119828224182,G
0.19591623544692993,0.6549026370048523,0.20717020332813263,0.6743244528770447,0.24010850489139557,0.6778730154037476,0.23821677267551422,0.739315390586853,0.24460247159004211,0.7884165644645691,G
0.19871295988559723,0.6370529532432556,0.21197913587093353,0.6599924564361572,0.2439865618944168,0.6624866724014282,0.24296754598617554,0.7240819931030273,0.24801580607891083,0.7791398167610168,G
0.1987312287092209,0.6237739324569702,0.2116435468196869,0.6493355631828308,0.2416386753320694,0.6616382002830505,0.2427278757095337,0.7184388637542725,0.24982613325119019,0.7730292081832886,G
0.18382124602794647,0.6398662328720093,0.19329041242599487,0.6653795838356018,0.22923827171325684,0.6635465025901794,0.22584709525108337,0.7270861864089966,0.23097337782382965,0.7828263640403748,G
0.16333307325839996,0.6124696731567383,0.17711104452610016,0.6314963102340698,0.2093207687139511,0.6417635083198547,0.20419266819953918,0.701049268245697,0.20970991253852844,0.7485146522521973,G
0.17572638392448425,0.6470683813095093,0.20098750293254852,0.6661795377731323,0.2328047901391983,0.6675586700439453,0.22439949214458466,0.7482129335403442,0.23256231844425201,0.7868232131004333,G
0.20507703721523285,0.6294415593147278,0.2234366238117218,0.6628735661506653,0.25449544191360474,0.6677541732788086,0.2569005489349365,0.7487699389457703,0.27047422528266907,0.7820205688476562,G
0.23298276960849762,0.5523499250411987,0.253528892993927,0.5780683159828186,0.28180262446403503,0.5960373282432556,0.28466999530792236,0.6666424870491028,0.2965705394744873,0.699120044708252,G
0.23064713180065155,0.5466560125350952,0.2531357705593109,0.5756915807723999,0.27881354093551636,0.6032000184059143,0.28001776337623596,0.6691288948059082,0.29316821694374084,0.6968450546264648,G
0.22763732075691223,0.5665095448493958,0.2517368197441101,0.5908359885215759,0.27932626008987427,0.609947144985199,0.2785772383213043,0.6851786971092224,0.28806495666503906,0.7156093120574951,G
0.20804989337921143,0.6091654896736145,0.22193431854248047,0.6436100602149963,0.25015270709991455,0.6348516345024109,0.243932843208313,0.7176657915115356,0.25887835025787354,0.757752537727356,G
0.16289140284061432,0.6525964140892029,0.1369093507528305,0.7838823199272156,0.21178355813026428,0.719571590423584,0.2505561113357544,0.7108332514762878,0.2545970678329468,0.8600943684577942,C
0.16633953154087067,0.6212050914764404,0.13385146856307983,0.7430386543273926,0.2036338895559311,0.6685572862625122,0.24989569187164307,0.6817156076431274,0.25057849287986755,0.8008249998092651,C
0.16476058959960938,0.6357516646385193,0.12688319385051727,0.7565139532089233,0.20255637168884277,0.6787072420120239,0.2449524700641632,0.6895524859428406,0.2454792857170105,0.8064342141151428,C
0.1616540104150772,0.6382750868797302,0.12121333926916122,0.7656224370002747,0.19576726853847504,0.6833719611167908,0.24289582669734955,0.6922399997711182,0.2409346103668213,0.8108364343643188,C
0.16146937012672424,0.6437749862670898,0.11797768622636795,0.7804614305496216,0.19319593906402588,0.7093459367752075,0.2364232987165451,0.7046239376068115,0.24018867313861847,0.8340543508529663,C
0.16736695170402527,0.6303974986076355,0.11677311360836029,0.7737531661987305,0.19626189768314362,0.7036829590797424,0.23794370889663696,0.6932193636894226,0.2338218092918396,0.8386258482933044,C
0.16831132769584656,0.6296735405921936,0.11922531574964523,0.7732036113739014,0.20589230954647064,0.6981645226478577,0.2403131127357483,0.6942163109779358,0.2224705070257187,0.8640337586402893,C
0.1714925616979599,0.6474948525428772,0.12247052043676376,0.7850972414016724,0.20500044524669647,0.7082570791244507,0.2398400455713272,0.7010313868522644,0.23219437897205353,0.8740663528442383,C
0.1713174283504486,0.6645870208740234,0.12031151354312897,0.8024868369102478,0.19670604169368744,0.7178692817687988,0.232369065284729,0.7103517651557922,0.23559826612472534,0.8670322895050049,C
0.16860119998455048,0.6803158521652222,0.11996597051620483,0.8047205209732056,0.18966105580329895,0.7244064211845398,0.22863703966140747,0.7152882814407349,0.2268071323633194,0.8618342876434326,C
0.15972267091274261,0.690291166305542,0.11174523830413818,0.8269318342208862,0.18610328435897827,0.7328493595123291,0.2241654098033905,0.7275566458702087,0.2275618016719818,0.885812520980835,C
0.15467186272144318,0.7024650573730469,0.09997236728668213,0.8375445008277893,0.18288148939609528,0.7669410109519958,0.22404080629348755,0.750589907169342,0.21465420722961426,0.8876116275787354,C
0.1334102898836136,0.6766682863235474,0.10004286468029022,0.8314300775527954,0.18729551136493683,0.7573604583740234,0.22736380994319916,0.7448829412460327,0.22454194724559784,0.8612316846847534,C
0.13179412484169006,0.6812065839767456,0.09685461968183517,0.8280395865440369,0.18143093585968018,0.7535111308097839,0.221978560090065,0.7470369338989258,0.23245765268802643,0.845252275466919,C
0.1307152509689331,0.6846756339073181,0.10245735943317413,0.8214378356933594,0.18171384930610657,0.7466329336166382,0.2197214961051941,0.7505881190299988,0.23449239134788513,0.8586398363113403,C
0.1637604832649231,0.6256636381149292,0.12077262997627258,0.7682547569274902,0.2028617262840271,0.6975043416023254,0.23938874900341034,0.6941589117050171,0.24396640062332153,0.8281347155570984,C
0.16404248774051666,0.6293464303016663,0.12160975486040115,0.7656409740447998,0.1991037130355835,0.6920889616012573,0.23979388177394867,0.6890832781791687,0.24559573829174042,0.8196125626564026,C
0.13185837864875793,0.6809375882148743,0.09592743217945099,0.8249324560165405,0.17974957823753357,0.745926558971405,0.2192172408103943,0.7417239546775818,0.2338802069425583,0.8300890326499939,C
0.12970992922782898,0.678963840007782,0.09710222482681274,0.82843017578125,0.18006370961666107,0.7479248642921448,0.22072400152683258,0.7395622730255127,0.23508533835411072,0.830369234085083,C
0.12959685921669006,0.6807112097740173,0.09528076648712158,0.8289992213249207,0.18189765512943268,0.7460518479347229,0.2204672247171402,0.7395416498184204,0.23469945788383484,0.8310909867286682,C
0.1400090903043747,0.6780837774276733,0.1118934378027916,0.8162750005722046,0.18265922367572784,0.7475327253341675,0.21969597041606903,0.7423966526985168,0.23288989067077637,0.85817551612854,C
0.14157108962535858,0.7228537201881409,0.10780578851699829,0.8031249642372131,0.1829950511455536,0.71378493309021,0.2250537872314453,0.7192569971084595,0.23214799165725708,0.8168331384658813,C
0.1182238906621933,0.6684473752975464,0.11324004083871841,0.8042757511138916,0.18959783017635345,0.7265741229057312,0.22493471205234528,0.731147050857544,0.23364850878715515,0.8668763041496277,C
0.11851853132247925,0.6697328090667725,0.11103185266256332,0.8085761070251465,0.18969354033470154,0.7275142669677734,0.22876062989234924,0.7317402958869934,0.25231680274009705,0.8587428331375122,C
0.11627546697854996,0.6759430170059204,0.10995224118232727,0.8150609135627747,0.18710224330425262,0.7344022989273071,0.22420349717140198,0.7437486052513123,0.24558904767036438,0.864303708076477,C
0.1336827576160431,0.7033557891845703,0.11539507657289505,0.8239870667457581,0.18811599910259247,0.7618411183357239,0.22334671020507812,0.7589579820632935,0.21911820769309998,0.8672438859939575,C
0.14315524697303772,0.6671101450920105,0.12415655702352524,0.7853101491928101,0.20212365686893463,0.7163882255554199,0.2349700927734375,0.710877537727356,0.2378500998020172,0.8523964285850525,C
0.14889898896217346,0.6615692973136902,0.13059672713279724,0.7854565382003784,0.20415668189525604,0.7172339558601379,0.2373104840517044,0.7111795544624329,0.23908458650112152,0.8526242971420288,C
0.15191389620304108,0.6610375642776489,0.12185633182525635,0.7740339040756226,0.20023439824581146,0.7113521695137024,0.2369963824748993,0.7139434814453125,0.24374903738498688,0.8144766688346863,C
0.15354949235916138,0.6673582792282104,0.12343129515647888,0.7812687158584595,0.19334490597248077,0.7135162949562073,0.2340308278799057,0.7159547805786133,0.2439417988061905,0.8093783259391785,C
0.14482749998569489,0.6592827439308167,0.11722776293754578,0.7906641960144043,0.19218352437019348,0.7187620997428894,0.23035010695457458,0.7208062410354614,0.24411681294441223,0.824569582939148,C
0.13849274814128876,0.6625392436981201,0.11596670746803284,0.7993245720863342,0.19465063512325287,0.7287561297416687,0.2325499802827835,0.7186094522476196,0.22854629158973694,0.8483951687812805,C
0.1382187455892563,0.6648481488227844,0.11590170860290527,0.8059594631195068,0.18591611087322235,0.7370239496231079,0.22582483291625977,0.7258107662200928,0.23676006495952606,0.8479655385017395,C
0.1892879158258438,0.6203001141548157,0.20059411227703094,0.6541761755943298,0.23224785923957825,0.6525064706802368,0.22370919585227966,0.7450687885284424,0.23619844019412994,0.7679585218429565,G
0.19282934069633484,0.6168754696846008,0.2032017707824707,0.6460575461387634,0.2333637923002243,0.6487768292427063,0.22308249771595,0.7475649118423462,0.2381773740053177,0.7711463570594788,G
0.19426916539669037,0.6425660252571106,0.19915951788425446,0.6643657088279724,0.22613747417926788,0.6757447123527527,0.21744272112846375,0.761559247970581,0.23470091819763184,0.7915446758270264,G
0.190597802400589,0.6494300961494446,0.20233340561389923,0.6700910329818726,0.22797895967960358,0.6636461615562439,0.21893134713172913,0.74620521068573,0.23446334898471832,0.7991641759872437,G
0.19551803171634674,0.6457216143608093,0.20326223969459534,0.6566291451454163,0.22650787234306335,0.6645466685295105,0.2179068922996521,0.7562180757522583,0.23494789004325867,0.7971825003623962,G
0.19734305143356323,0.6498239040374756,0.20312908291816711,0.6697227358818054,0.22636021673679352,0.6707217693328857,0.22057132422924042,0.7493277788162231,0.23671434819698334,0.7979899644851685,G
0.19469434022903442,0.6517887711524963,0.2027292102575302,0.6712918877601624,0.22820192575454712,0.6729957461357117,0.2162100374698639,0.7607749104499817,0.23691780865192413,0.8060237169265747,G
0.1945166289806366,0.6595130562782288,0.20267543196678162,0.677748441696167,0.22596357762813568,0.6854056119918823,0.21740013360977173,0.7743155360221863,0.2340613156557083,0.8097000122070312,G
0.19351398944854736,0.6648830771446228,0.19938050210475922,0.6853678226470947,0.21782474219799042,0.6992337703704834,0.21739253401756287,0.7790353298187256,0.23315469920635223,0.8136357069015503,G
0.18986567854881287,0.6519166827201843,0.19536717236042023,0.6945145130157471,0.21734021604061127,0.704337477684021,0.22172413766384125,0.7721602916717529,0.23780198395252228,0.8087188005447388,G
0.1908353865146637,0.6526684165000916,0.1984778791666031,0.6870880722999573,0.2236836552619934,0.693350613117218,0.22250136733055115,0.7695984244346619,0.23700635135173798,0.8068681359291077,G
0.16140055656433105,0.6261537671089172,0.19626730680465698,0.6956413388252258,0.22055625915527344,0.7064960598945618,0.22773416340351105,0.7705264091491699,0.24084411561489105,0.8072404861450195,G
0.15361367166042328,0.6396662592887878,0.19256557524204254,0.7208507657051086,0.21653705835342407,0.7167438864707947,0.22613732516765594,0.7888960242271423,0.24050237238407135,0.8401555418968201,G
0.15517385303974152,0.6421752572059631,0.19087781012058258,0.7271361947059631,0.21438182890415192,0.7371147871017456,0.22217269241809845,0.7958869934082031,0.2410317361354828,0.8424270749092102,G
0.1488419622182846,0.6579102873802185,0.18725146353244781,0.7380133867263794,0.2177239954471588,0.7292606830596924,0.2226180136203766,0.8194357752799988,0.2443753033876419,0.8620263338088989,G
0.16401086747646332,0.6318508982658386,0.1829834133386612,0.7268911004066467,0.20573197305202484,0.7517065405845642,0.24208906292915344,0.7602924704551697,0.2702428102493286,0.803084671497345,D
0.16264304518699646,0.6505786180496216,0.18623097240924835,0.7377315759658813,0.20754751563072205,0.7619843482971191,0.24472635984420776,0.771783709526062,0.26867538690567017,0.8122316598892212,D
0.156159445643425,0.6571004986763,0.18377915024757385,0.7454069256782532,0.20590166747570038,0.7697241902351379,0.24504239857196808,0.7770755887031555,0.2647431790828705,0.8207055330276489,D
0.1565542072057724,0.6434516310691833,0.18715162575244904,0.738640546798706,0.20746086537837982,0.763314425945282,0.2412566840648651,0.7723935842514038,0.262606143951416,0.8181935548782349,D
0.16349636018276215,0.6215139627456665,0.19004574418067932,0.7183809280395508,0.21346549689769745,0.7419106364250183,0.24880994856357574,0.750385582447052,0.27031928300857544,0.7919952869415283,D
0.14339861273765564,0.6097379326820374,0.17064110934734344,0.6923213601112366,0.18559002876281738,0.7138333916664124,0.2242918461561203,0.7233350872993469,0.25047194957733154,0.7739637494087219,D
0.1390487253665924,0.6244819760322571,0.16928966343402863,0.7024428844451904,0.1868697851896286,0.7259926199913025,0.2213643491268158,0.7354037761688232,0.24430900812149048,0.7784039974212646,D
0.1222759261727333,0.741121232509613,0.16014152765274048,0.8121449947357178,0.17862409353256226,0.8347409963607788,0.2119731456041336,0.8348714709281921,0.24118459224700928,0.8677138686180115,D
0.13534417748451233,0.8027468919754028,0.1707271784543991,0.8638114333152771,0.19702084362506866,0.8831737637519836,0.23240309953689575,0.8865747451782227,0.2637706398963928,0.9127869606018066,D
0.14066344499588013,0.791018009185791,0.17059822380542755,0.8576155304908752,0.1943250298500061,0.8743006587028503,0.23235604166984558,0.8715848326683044,0.2585354745388031,0.9065038561820984,D
0.1404673308134079,0.7540450692176819,0.17396482825279236,0.8335919976234436,0.19756348431110382,0.8550142049789429,0.23221278190612793,0.8554086089134216,0.25619053840637207,0.895220935344696,D
0.14071372151374817,0.7248919010162354,0.17459501326084137,0.8049653768539429,0.19403071701526642,0.8326658606529236,0.2343718707561493,0.8317937850952148,0.2577408254146576,0.870338499546051,D
0.1382305771112442,0.7223280072212219,0.17406095564365387,0.8006804585456848,0.19292797148227692,0.824479341506958,0.23219913244247437,0.8247021436691284,0.2563854455947876,0.8661743998527527,D
0.13561037182807922,0.7187017798423767,0.1722240000963211,0.7944704294204712,0.19069506227970123,0.8169018626213074,0.2274610847234726,0.8194535374641418,0.25026676058769226,0.8525974750518799,D
0.1388959288597107,0.713798999786377,0.16997599601745605,0.7851029634475708,0.19323000311851501,0.8068791627883911,0.22702492773532867,0.8080083727836609,0.2487897276878357,0.8386598825454712,D
0.14270591735839844,0.7099831700325012,0.16998709738254547,0.7738226652145386,0.18989205360412598,0.7944115400314331,0.22603997588157654,0.7938133478164673,0.24603953957557678,0.8265482187271118,D
0.1433297097682953,0.6726136803627014,0.1711929589509964,0.7352650165557861,0.1927233785390854,0.7628819942474365,0.22493581473827362,0.7639949321746826,0.24551351368427277,0.7952582240104675,D
0.14060892164707184,0.6864646077156067,0.16845166683197021,0.7513259053230286,0.18835242092609406,0.7757230401039124,0.22062021493911743,0.7770241498947144,0.24063849449157715,0.8060292601585388,D
0.12645144760608673,0.72905033826828,0.16039703786373138,0.7988920211791992,0.17953340709209442,0.823147177696228,0.21479296684265137,0.8276926875114441,0.23460039496421814,0.8646215200424194,D
0.12282580137252808,0.7374908328056335,0.15826517343521118,0.8052913546562195,0.17883293330669403,0.8310279250144958,0.2104330211877823,0.8286775350570679,0.23221857845783234,0.8637829422950745,D
0.20866276323795319,0.5962706804275513,0.22016912698745728,0.6413329243659973,0.24987535178661346,0.6403478384017944,0.2489696890115738,0.7108473181724548,0.2588915526866913,0.7541782259941101,G
0.2137027233839035,0.5971171855926514,0.21783240139484406,0.6386944055557251,0.24608927965164185,0.6381872296333313,0.2427099049091339,0.7255342602729797,0.2577718198299408,0.757800817489624,G
0.2134847640991211,0.5997551679611206,0.22106033563613892,0.638522744178772,0.24832995235919952,0.6427339315414429,0.2445775717496872,0.7288036942481995,0.25865331292152405,0.7602640986442566,G
0.15807001292705536,0.6231276988983154,0.12151271849870682,0.7622604370117188,0.19600452482700348,0.7005752921104431,0.23695029318332672,0.6923301815986633,0.2539236545562744,0.7452929019927979,C
0.1595945805311203,0.6185343265533447,0.1276627629995346,0.7533510327339172,0.1995891034603119,0.6922155022621155,0.2437746673822403,0.6791474223136902,0.25725626945495605,0.7437563538551331,C
0.1736508160829544,0.6017675399780273,0.14278052747249603,0.7347008585929871,0.21302491426467896,0.6754344701766968,0.25334104895591736,0.6638861298561096,0.2729986906051636,0.7268884181976318,C
0.17664553225040436,0.5928677916526794,0.14497360587120056,0.7301896810531616,0.22153179347515106,0.6688498854637146,0.26188772916793823,0.6672368049621582,0.2782836854457855,0.7262694835662842,C
0.17316541075706482,0.623620331287384,0.13966895639896393,0.7669973373413086,0.21040767431259155,0.6924015879631042,0.2526402175426483,0.6906173229217529,0.27470138669013977,0.7500476241111755,C
0.16393797099590302,0.6541929841041565,0.1340363323688507,0.7959348559379578,0.20403049886226654,0.7239845991134644,0.24750594794750214,0.714191734790802,0.26642024517059326,0.7771246433258057,C
0.16587023437023163,0.6614991426467896,0.13615258038043976,0.8007739782333374,0.20343099534511566,0.7387247681617737,0.24558943510055542,0.7142117619514465,0.2672458291053772,0.7776713371276855,C
0.17209948599338531,0.6194208264350891,0.13880254328250885,0.7668706178665161,0.2142357975244522,0.6905211210250854,0.252685010433197,0.6802949905395508,0.2726103961467743,0.7442207932472229,C
0.1758284717798233,0.5860441327095032,0.15404091775417328,0.712981104850769,0.22825975716114044,0.6518208980560303,0.2584981620311737,0.6463768482208252,0.2647021412849426,0.7436769008636475,C
0.17870260775089264,0.5723903775215149,0.1526750773191452,0.7006799578666687,0.22575971484184265,0.6420778036117554,0.26076242327690125,0.6357503533363342,0.2623005509376526,0.7415949702262878,C
0.1774415224790573,0.583031415939331,0.15062418580055237,0.7108557820320129,0.22068536281585693,0.6546593308448792,0.260864794254303,0.6441640853881836,0.26322922110557556,0.7450122237205505,C
0.1784105747938156,0.5692492127418518,0.15293022990226746,0.6995123624801636,0.22349996864795685,0.6431738138198853,0.2604852616786957,0.6358064413070679,0.26526954770088196,0.7351025342941284,C
0.17759068310260773,0.573181688785553,0.15746547281742096,0.6945871114730835,0.23613110184669495,0.625969409942627,0.2656112015247345,0.6326121687889099,0.2658250033855438,0.7577916979789734,C
0.18431559205055237,0.5483886003494263,0.1589752584695816,0.6788957118988037,0.23978157341480255,0.6085469126701355,0.26923006772994995,0.6308210492134094,0.2643790543079376,0.7723183035850525,C
0.17966733872890472,0.5815892219543457,0.1517847180366516,0.7273086905479431,0.2293904423713684,0.653421938419342,0.2623378038406372,0.6659224033355713,0.2646503448486328,0.8268378973007202,C
0.17294448614120483,0.5822193026542664,0.14407359063625336,0.7499175667762756,0.2281002700328827,0.661551296710968,0.26404011249542236,0.6612143516540527,0.25873929262161255,0.8463544249534607,C
0.17742623388767242,0.5790995359420776,0.14739328622817993,0.7266470789909363,0.227850541472435,0.6502129435539246,0.2609332203865051,0.6581917405128479,0.2597619593143463,0.8036141395568848,C
0.1801450252532959,0.5776745676994324,0.15494319796562195,0.7002882361412048,0.23171304166316986,0.6260601282119751,0.2609797716140747,0.6380168795585632,0.26021143794059753,0.7977139949798584,C
0.18408827483654022,0.5399069786071777,0.15442708134651184,0.6824185848236084,0.2268451452255249,0.6166720986366272,0.25976669788360596,0.6227355003356934,0.2635114789009094,0.7672099471092224,C
0.184093177318573,0.5300201177597046,0.15539444983005524,0.6591895818710327,0.2411537915468216,0.5904601812362671,0.26916399598121643,0.6092581152915955,0.2660742700099945,0.7443954348564148,C
0.18684819340705872,0.5203561782836914,0.1539260447025299,0.6567426323890686,0.2321227639913559,0.5971114039421082,0.2723029851913452,0.6080806255340576,0.27037307620048523,0.7399588823318481,C
0.18211781978607178,0.53105628490448,0.1515446901321411,0.6730613112449646,0.2275734394788742,0.6100754737854004,0.26746344566345215,0.6232550740242004,0.2697526812553406,0.7599086165428162,C
0.17769138514995575,0.5404693484306335,0.15754973888397217,0.6790852546691895,0.2353827804327011,0.6179365515708923,0.27063989639282227,0.620849609375,0.26956382393836975,0.7627394199371338,C
0.18716119229793549,0.6406377553939819,0.21323584020137787,0.6740538477897644,0.24265483021736145,0.6744325757026672,0.2373257428407669,0.7491647005081177,0.25051218271255493,0.7903580069541931,G
0.19051030278205872,0.6317946314811707,0.21342137455940247,0.6688751578330994,0.24452635645866394,0.6671962141990662,0.23755091428756714,0.7592790126800537,0.25015750527381897,0.7943347096443176,G
0.1917629987001419,0.6244118213653564,0.210301473736763,0.6649162769317627,0.23674264550209045,0.6725260019302368,0.23677228391170502,0.7519407868385315,0.2535763680934906,0.7861981391906738,G
0.20093083381652832,0.6300537586212158,0.20657314360141754,0.6763449311256409,0.23310215771198273,0.6748749613761902,0.23470011353492737,0.7513349056243896,0.2511110305786133,0.7872110605239868,G
0.19932283461093903,0.626666784286499,0.20285950601100922,0.6779622435569763,0.23653964698314667,0.66024249792099,0.2352122664451599,0.728273868560791,0.24949777126312256,0.777506411075592,G
0.1944524049758911,0.6412701606750488,0.2031802237033844,0.6826620697975159,0.23767009377479553,0.6625730395317078,0.23086504638195038,0.7487961053848267,0.2476188838481903,0.7897366881370544,G
0.1907130777835846,0.6340358853340149,0.20609264075756073,0.6722780466079712,0.2382863163948059,0.663950502872467,0.2296440154314041,0.7517960071563721,0.24317313730716705,0.7834673523902893,G
0.18544217944145203,0.6270943880081177,0.2075602263212204,0.6626231074333191,0.23506782948970795,0.6594098806381226,0.23269788920879364,0.733632504940033,0.24575218558311462,0.7687609791755676,G
0.19374172389507294,0.6218789219856262,0.20887884497642517,0.6746984124183655,0.23289477825164795,0.6571952104568481,0.23475077748298645,0.7225971817970276,0.246180459856987,0.7668374180793762,G
0.19649378955364227,0.6242870092391968,0.2088238000869751,0.6638216972351074,0.22790995240211487,0.6682689189910889,0.2332078069448471,0.7279047966003418,0.2470766305923462,0.7694939970970154,G
0.19697299599647522,0.6212465763092041,0.21123720705509186,0.6577392220497131,0.23223984241485596,0.6597993969917297,0.23580853641033173,0.718498945236206,0.24958114326000214,0.7655466198921204,G
0.19942577183246613,0.6290388107299805,0.20776119828224182,0.6753989458084106,0.23280766606330872,0.6702552437782288,0.22874808311462402,0.7372276186943054,0.24682913720607758,0.7785993814468384,G
0.19730310142040253,0.6316734552383423,0.21321074664592743,0.6624149084091187,0.2264540195465088,0.667660653591156,0.23184379935264587,0.7196690440177917,0.24556082487106323,0.773059070110321,G
0.18876758217811584,0.6180144548416138,0.20451271533966064,0.6703335046768188,0.2333334982395172,0.6723147630691528,0.23539228737354279,0.7316462397575378,0.2500654458999634,0.778216540813446,G
0.1902288943529129,0.6305792927742004,0.20538930594921112,0.6695116758346558,0.23871679604053497,0.6625975966453552,0.23621363937854767,0.7446739673614502,0.25098055601119995,0.7809826135635376,G
0.18792839348316193,0.6337097883224487,0.20622622966766357,0.6664695739746094,0.23537880182266235,0.6756299138069153,0.23237517476081848,0.7574571371078491,0.2497725933790207,0.7890846133232117,G
0.1908658891916275,0.6525259017944336,0.20984238386154175,0.6635622382164001,0.22488641738891602,0.6958194971084595,0.23246163129806519,0.7561672925949097,0.24590052664279938,0.7966427206993103,G
0.18550445139408112,0.6601074934005737,0.2086067944765091,0.6593605279922485,0.22714611887931824,0.683457612991333,0.23149487376213074,0.7478138208389282,0.24326691031455994,0.7995242476463318,G
0.19253180921077728,0.6498639583587646,0.20910853147506714,0.6563989520072937,0.23486551642417908,0.6677343845367432,0.23046723008155823,0.7459940910339355,0.24334073066711426,0.7935446500778198,G
0.1557634025812149,0.6986109614372253,0.18737584352493286,0.7563727498054504,0.21826989948749542,0.7542610764503479,0.22293564677238464,0.8056017756462097,0.22974033653736115,0.8165442943572998,G
0.16143770515918732,0.708970308303833,0.18545466661453247,0.7626274824142456,0.21727807819843292,0.7580601572990417,0.21783998608589172,0.8276082277297974,0.23104730248451233,0.8313302993774414,G
0.15898828208446503,0.7153517603874207,0.18506135046482086,0.7665783762931824,0.21832889318466187,0.7570239901542664,0.2193971872329712,0.8331312537193298,0.23245902359485626,0.8442891240119934,G
0.15915359556674957,0.7185045480728149,0.18617263436317444,0.7679482698440552,0.21716520190238953,0.757616400718689,0.21959766745567322,0.8323838114738464,0.232052743434906,0.850221574306488,G
0.16932594776153564,0.7149608731269836,0.18579669296741486,0.7602318525314331,0.22190551459789276,0.7408288717269897,0.2190285325050354,0.8265137672424316,0.23323464393615723,0.8431238532066345,G
0.1736610233783722,0.7039505243301392,0.1875869780778885,0.7274459004402161,0.21844005584716797,0.7248237729072571,0.221079483628273,0.7986910939216614,0.23110154271125793,0.84537273645401,G
0.1815727800130844,0.688785195350647,0.19037681818008423,0.7141352295875549,0.2233801782131195,0.7069921493530273,0.22394990921020508,0.7778352499008179,0.23560282588005066,0.8333480358123779,G
0.1956312507390976,0.6613438725471497,0.203024759888649,0.6904399394989014,0.23403766751289368,0.6934854388237,0.23853860795497894,0.7584362626075745,0.24775098264217377,0.8037148714065552,G
0.19840213656425476,0.6392824649810791,0.21656189858913422,0.6648416519165039,0.24641479551792145,0.6644446849822998,0.24417541921138763,0.7424136996269226,0.25681859254837036,0.7830567955970764,G
0.14028650522232056,0.7150336503982544,0.17195042967796326,0.7779149413108826,0.18457841873168945,0.8176764249801636,0.23316650092601776,0.8157564997673035,0.24550791084766388,0.8750863075256348,D
0.14048324525356293,0.7089287042617798,0.17204543948173523,0.7833751440048218,0.18803846836090088,0.8149814605712891,0.23387165367603302,0.8057923316955566,0.24448387324810028,0.8760367631912231,D
0.13339003920555115,0.7515752911567688,0.16493986546993256,0.8151372075080872,0.187125101685524,0.8455243110656738,0.23024754226207733,0.8367624282836914,0.24868297576904297,0.8875656723976135,D
0.13706810772418976,0.7453240156173706,0.1679854393005371,0.811444103717804,0.18424901366233826,0.8432227373123169,0.22861047089099884,0.8315138220787048,0.24552607536315918,0.8816611170768738,D
0.14594897627830505,0.7219322919845581,0.17468707263469696,0.7830343246459961,0.1932276487350464,0.8119036555290222,0.23588654398918152,0.8028745651245117,0.25023895502090454,0.8500767946243286,D
0.15198677778244019,0.6957424879074097,0.1788664162158966,0.7589348554611206,0.19568991661071777,0.7899501323699951,0.2393067479133606,0.7873155474662781,0.25638866424560547,0.8330287337303162,D
0.15366558730602264,0.687176525592804,0.1769024133682251,0.754345178604126,0.19450213015079498,0.7831774950027466,0.23875227570533752,0.7822374701499939,0.25619038939476013,0.8267426490783691,D
0.1504257619380951,0.7042410969734192,0.17607136070728302,0.7649291157722473,0.19190874695777893,0.7996696829795837,0.23627039790153503,0.7928739786148071,0.25025343894958496,0.8430837392807007,D
0.14191527664661407,0.7098906636238098,0.17313744127750397,0.7806233763694763,0.18923009932041168,0.8130619525909424,0.23379352688789368,0.8108388185501099,0.2477196902036667,0.8698230385780334,D
0.14106711745262146,0.7067891955375671,0.17151589691638947,0.7792825102806091,0.18793678283691406,0.8141783475875854,0.2344331592321396,0.8146540522575378,0.2510935664176941,0.8704991936683655,D
0.1408405601978302,0.7143005728721619,0.17236194014549255,0.7785003185272217,0.1871267557144165,0.8152216672897339,0.23461180925369263,0.8091132640838623,0.246761292219162,0.8649524450302124,D
0.14645466208457947,0.7232620120048523,0.17250651121139526,0.7890596389770508,0.1888766884803772,0.8220832347869873,0.23452693223953247,0.8160414695739746,0.24593853950500488,0.866216778755188,D
